workflow,url,gold_answer,n_workers_total,n_attempts_total,n_repeated_worker_votes,n_conflicted_workers,n_valid_votes,n_correct,n_incorrect,correct_share,incorrect_share,repeat_worker_share,conflict_worker_share,yes_count,yes_share,no_count,no_share,not_working_count,not_working_share,eligible_by_n,is_difficult,is_ambiguous,is_conflicted_repeats,flag,ambiguity_distance
REGION_MARKUP,https://gazballon-nizhniy-tagil.ru,no,8,8,0,0,8,0,8,0.0,1.0,0.0,0.0,8,1.0,0,0.0,0,0.0,True,True,False,False,difficult,0.5
REGION_MARKUP,https://efsmoscow.ru,no,7,7,0,0,7,0,7,0.0,1.0,0.0,0.0,7,1.0,0,0.0,0,0.0,True,True,False,False,difficult,0.5
REGION_MARKUP,https://cheese-box.ru,yes,6,6,0,0,6,0,6,0.0,1.0,0.0,0.0,0,0.0,0,0.0,6,1.0,True,True,False,False,difficult,0.5
REGION_MARKUP,https://faridkamal.pro,not_working,6,6,0,0,6,0,6,0.0,1.0,0.0,0.0,6,1.0,0,0.0,0,0.0,True,True,False,False,difficult,0.5
REGION_MARKUP,https://filternn.ru,no,6,6,0,0,6,0,6,0.0,1.0,0.0,0.0,6,1.0,0,0.0,0,0.0,True,True,False,False,difficult,0.5
REGION_MARKUP,https://food-service.ru,yes,6,6,0,0,6,0,6,0.0,1.0,0.0,0.0,0,0.0,6,1.0,0,0.0,True,True,False,False,difficult,0.5
REGION_MARKUP,https://grocenberg.store,no,6,6,0,0,6,0,6,0.0,1.0,0.0,0.0,6,1.0,0,0.0,0,0.0,True,True,False,False,difficult,0.5
REGION_MARKUP,https://ishop72.ru,no,6,6,0,0,6,0,6,0.0,1.0,0.0,0.0,6,1.0,0,0.0,0,0.0,True,True,False,False,difficult,0.5
REGION_MARKUP,https://les-wm.ru,no,6,6,0,0,6,0,6,0.0,1.0,0.0,0.0,6,1.0,0,0.0,0,0.0,True,True,False,False,difficult,0.5
REGION_MARKUP,https://m-open.ru,no,6,6,0,0,6,0,6,0.0,1.0,0.0,0.0,6,1.0,0,0.0,0,0.0,True,True,False,False,difficult,0.5
REGION_MARKUP,https://myshop-bei517.myinsales.ru,not_working,6,6,0,0,6,0,6,0.0,1.0,0.0,0.0,6,1.0,0,0.0,0,0.0,True,True,False,False,difficult,0.5
REGION_MARKUP,https://orbitansk.ru,no,6,6,0,0,6,0,6,0.0,1.0,0.0,0.0,6,1.0,0,0.0,0,0.0,True,True,False,False,difficult,0.5
REGION_MARKUP,https://svarka-piter.ru,no,6,6,0,0,6,0,6,0.0,1.0,0.0,0.0,6,1.0,0,0.0,0,0.0,True,True,False,False,difficult,0.5
REGION_MARKUP,https://радиотехниканск.рф,no,6,6,0,0,6,0,6,0.0,1.0,0.0,0.0,6,1.0,0,0.0,0,0.0,True,True,False,False,difficult,0.5
REGION_MARKUP,https://armysnab.ru,no,5,5,0,0,5,0,5,0.0,1.0,0.0,0.0,5,1.0,0,0.0,0,0.0,True,True,False,False,difficult,0.5
REGION_MARKUP,https://detalcar.ru,no,5,5,0,0,5,0,5,0.0,1.0,0.0,0.0,5,1.0,0,0.0,0,0.0,True,True,False,False,difficult,0.5
REGION_MARKUP,https://lunettes.ru,no,5,5,0,0,5,0,5,0.0,1.0,0.0,0.0,5,1.0,0,0.0,0,0.0,True,True,False,False,difficult,0.5
REGION_MARKUP,https://nikonorova-store.com,no,5,5,0,0,5,0,5,0.0,1.0,0.0,0.0,4,0.8,0,0.0,1,0.2,True,True,False,False,difficult,0.5
REGION_MARKUP,https://nomkamo.com,no,5,5,0,0,5,0,5,0.0,1.0,0.0,0.0,5,1.0,0,0.0,0,0.0,True,True,False,False,difficult,0.5
REGION_MARKUP,https://pakuitebe.ru,no,5,5,0,0,5,0,5,0.0,1.0,0.0,0.0,4,0.8,0,0.0,1,0.2,True,True,False,False,difficult,0.5
REGION_MARKUP,https://sklad-mebeli.info,no,5,5,0,0,5,0,5,0.0,1.0,0.0,0.0,5,1.0,0,0.0,0,0.0,True,True,False,False,difficult,0.5
REGION_MARKUP,https://sportpw.ru,no,5,5,0,0,5,0,5,0.0,1.0,0.0,0.0,0,0.0,0,0.0,5,1.0,True,True,False,False,difficult,0.5
REGION_MARKUP,https://thm-shop.ru,no,5,5,0,0,5,0,5,0.0,1.0,0.0,0.0,5,1.0,0,0.0,0,0.0,True,True,False,False,difficult,0.5
REGION_MARKUP,https://vip-phones.ru,not_working,5,5,0,0,5,0,5,0.0,1.0,0.0,0.0,5,1.0,0,0.0,0,0.0,True,True,False,False,difficult,0.5
REGION_MARKUP,https://yarusvl.ru,no,5,5,0,0,5,0,5,0.0,1.0,0.0,0.0,5,1.0,0,0.0,0,0.0,True,True,False,False,difficult,0.5
REGION_MARKUP,https://лозадизайн.рф,no,5,5,0,0,5,0,5,0.0,1.0,0.0,0.0,5,1.0,0,0.0,0,0.0,True,True,False,False,difficult,0.5
REGION_MARKUP,https://28opt.ru,not_working,4,4,0,0,4,0,4,0.0,1.0,0.0,0.0,3,0.75,1,0.25,0,0.0,True,True,False,False,difficult,0.5
REGION_MARKUP,https://5048.ru,no,4,4,0,0,4,0,4,0.0,1.0,0.0,0.0,4,1.0,0,0.0,0,0.0,True,True,False,False,difficult,0.5
REGION_MARKUP,https://almamater-book.ru,no,4,4,0,0,4,0,4,0.0,1.0,0.0,0.0,4,1.0,0,0.0,0,0.0,True,True,False,False,difficult,0.5
REGION_MARKUP,https://ambesonneorto.ru,no,4,4,0,0,4,0,4,0.0,1.0,0.0,0.0,4,1.0,0,0.0,0,0.0,True,True,False,False,difficult,0.5
REGION_MARKUP,https://ambicioni.ru,no,4,4,0,0,4,0,4,0.0,1.0,0.0,0.0,4,1.0,0,0.0,0,0.0,True,True,False,False,difficult,0.5
REGION_MARKUP,https://amoryflis.com,not_working,4,4,0,0,4,0,4,0.0,1.0,0.0,0.0,4,1.0,0,0.0,0,0.0,True,True,False,False,difficult,0.5
REGION_MARKUP,https://amx24.ru,yes,4,4,0,0,4,0,4,0.0,1.0,0.0,0.0,0,0.0,3,0.75,1,0.25,True,True,False,False,difficult,0.5
REGION_MARKUP,https://andi-perm.ru,no,4,4,0,0,4,0,4,0.0,1.0,0.0,0.0,4,1.0,0,0.0,0,0.0,True,True,False,False,difficult,0.5
REGION_MARKUP,https://ankermax.ru,no,4,4,0,0,4,0,4,0.0,1.0,0.0,0.0,4,1.0,0,0.0,0,0.0,True,True,False,False,difficult,0.5
REGION_MARKUP,https://averiopt.ru,yes,4,4,0,0,4,0,4,0.0,1.0,0.0,0.0,0,0.0,3,0.75,1,0.25,True,True,False,False,difficult,0.5
REGION_MARKUP,https://bansur.ru,no,4,4,0,0,4,0,4,0.0,1.0,0.0,0.0,4,1.0,0,0.0,0,0.0,True,True,False,False,difficult,0.5
REGION_MARKUP,https://benzo-zapchasti.ru,not_working,4,4,0,0,4,0,4,0.0,1.0,0.0,0.0,3,0.75,1,0.25,0,0.0,True,True,False,False,difficult,0.5
REGION_MARKUP,https://bestparts.ru,no,4,4,0,0,4,0,4,0.0,1.0,0.0,0.0,4,1.0,0,0.0,0,0.0,True,True,False,False,difficult,0.5
REGION_MARKUP,https://bunineopren.ru,no,4,4,0,0,4,0,4,0.0,1.0,0.0,0.0,4,1.0,0,0.0,0,0.0,True,True,False,False,difficult,0.5
REGION_MARKUP,https://casseton.ru,no,4,4,0,0,4,0,4,0.0,1.0,0.0,0.0,2,0.5,0,0.0,2,0.5,True,True,False,False,difficult,0.5
REGION_MARKUP,https://cezares.su,no,4,4,0,0,4,0,4,0.0,1.0,0.0,0.0,4,1.0,0,0.0,0,0.0,True,True,False,False,difficult,0.5
REGION_MARKUP,https://cilindri.ru,no,4,4,0,0,4,0,4,0.0,1.0,0.0,0.0,4,1.0,0,0.0,0,0.0,True,True,False,False,difficult,0.5
REGION_MARKUP,https://classic-mebel-shop.ru,no,4,4,0,0,4,0,4,0.0,1.0,0.0,0.0,4,1.0,0,0.0,0,0.0,True,True,False,False,difficult,0.5
REGION_MARKUP,https://cofanetto.ru,no,4,4,0,0,4,0,4,0.0,1.0,0.0,0.0,4,1.0,0,0.0,0,0.0,True,True,False,False,difficult,0.5
REGION_MARKUP,https://collapan.ru,no,4,4,0,0,4,0,4,0.0,1.0,0.0,0.0,4,1.0,0,0.0,0,0.0,True,True,False,False,difficult,0.5
REGION_MARKUP,https://cosmopol.ru,no,4,4,0,0,4,0,4,0.0,1.0,0.0,0.0,0,0.0,0,0.0,4,1.0,True,True,False,False,difficult,0.5
REGION_MARKUP,https://cotton59.ru,no,4,4,0,0,4,0,4,0.0,1.0,0.0,0.0,4,1.0,0,0.0,0,0.0,True,True,False,False,difficult,0.5
REGION_MARKUP,https://dezkont.ru,no,4,4,0,0,4,0,4,0.0,1.0,0.0,0.0,4,1.0,0,0.0,0,0.0,True,True,False,False,difficult,0.5
REGION_MARKUP,https://diamond-pet.ru,no,4,4,0,0,4,0,4,0.0,1.0,0.0,0.0,2,0.5,0,0.0,2,0.5,True,True,False,False,difficult,0.5
REGION_MARKUP,https://dibacarpet.ru,no,4,4,0,0,4,0,4,0.0,1.0,0.0,0.0,2,0.5,0,0.0,2,0.5,True,True,False,False,difficult,0.5
REGION_MARKUP,https://dkc-pro.ru,no,4,4,0,0,4,0,4,0.0,1.0,0.0,0.0,4,1.0,0,0.0,0,0.0,True,True,False,False,difficult,0.5
REGION_MARKUP,https://dominishop.ru,no,4,4,0,0,4,0,4,0.0,1.0,0.0,0.0,4,1.0,0,0.0,0,0.0,True,True,False,False,difficult,0.5
REGION_MARKUP,https://dostavkakaifa.ru,yes,4,4,0,0,4,0,4,0.0,1.0,0.0,0.0,0,0.0,4,1.0,0,0.0,True,True,False,False,difficult,0.5
REGION_MARKUP,https://e-sv.ru,no,4,4,0,0,4,0,4,0.0,1.0,0.0,0.0,4,1.0,0,0.0,0,0.0,True,True,False,False,difficult,0.5
REGION_MARKUP,https://eightlightmin.ru,no,4,4,0,0,4,0,4,0.0,1.0,0.0,0.0,4,1.0,0,0.0,0,0.0,True,True,False,False,difficult,0.5
REGION_MARKUP,https://evo-sad.ru,no,4,4,0,0,4,0,4,0.0,1.0,0.0,0.0,4,1.0,0,0.0,0,0.0,True,True,False,False,difficult,0.5
REGION_MARKUP,https://fashe.ru,yes,4,4,0,0,4,0,4,0.0,1.0,0.0,0.0,0,0.0,0,0.0,4,1.0,True,True,False,False,difficult,0.5
REGION_MARKUP,https://festasport.ru,no,4,4,0,0,4,0,4,0.0,1.0,0.0,0.0,4,1.0,0,0.0,0,0.0,True,True,False,False,difficult,0.5
REGION_MARKUP,https://fg-wilson.ru,no,4,4,0,0,4,0,4,0.0,1.0,0.0,0.0,4,1.0,0,0.0,0,0.0,True,True,False,False,difficult,0.5
REGION_MARKUP,https://forwardsportdrive.ru,no,4,4,0,0,4,0,4,0.0,1.0,0.0,0.0,4,1.0,0,0.0,0,0.0,True,True,False,False,difficult,0.5
REGION_MARKUP,https://fototek.ru,no,4,4,0,0,4,0,4,0.0,1.0,0.0,0.0,4,1.0,0,0.0,0,0.0,True,True,False,False,difficult,0.5
REGION_MARKUP,https://ge-fanera.ru,yes,4,4,0,0,4,0,4,0.0,1.0,0.0,0.0,0,0.0,4,1.0,0,0.0,True,True,False,False,difficult,0.5
REGION_MARKUP,https://giperdesmo.ru,no,4,4,0,0,4,0,4,0.0,1.0,0.0,0.0,4,1.0,0,0.0,0,0.0,True,True,False,False,difficult,0.5
REGION_MARKUP,https://golod.store,no,4,4,0,0,4,0,4,0.0,1.0,0.0,0.0,4,1.0,0,0.0,0,0.0,True,True,False,False,difficult,0.5
REGION_MARKUP,https://grandmanor.ru,no,4,4,0,0,4,0,4,0.0,1.0,0.0,0.0,4,1.0,0,0.0,0,0.0,True,True,False,False,difficult,0.5
REGION_MARKUP,https://green-finger.ru,no,4,4,0,0,4,0,4,0.0,1.0,0.0,0.0,4,1.0,0,0.0,0,0.0,True,True,False,False,difficult,0.5
REGION_MARKUP,https://gruzzap32.ru,yes,4,4,0,0,4,0,4,0.0,1.0,0.0,0.0,0,0.0,0,0.0,4,1.0,True,True,False,False,difficult,0.5
REGION_MARKUP,https://gun66.ru,no,4,4,0,0,4,0,4,0.0,1.0,0.0,0.0,4,1.0,0,0.0,0,0.0,True,True,False,False,difficult,0.5
REGION_MARKUP,https://handmade-forever.ru,not_working,4,4,0,0,4,0,4,0.0,1.0,0.0,0.0,4,1.0,0,0.0,0,0.0,True,True,False,False,difficult,0.5
REGION_MARKUP,https://hoffmann-group.ru,no,4,4,0,0,4,0,4,0.0,1.0,0.0,0.0,0,0.0,0,0.0,4,1.0,True,True,False,False,difficult,0.5
REGION_MARKUP,https://homof.ru,no,4,4,0,0,4,0,4,0.0,1.0,0.0,0.0,0,0.0,0,0.0,4,1.0,True,True,False,False,difficult,0.5
REGION_MARKUP,https://hotfrost.ru,no,4,4,0,0,4,0,4,0.0,1.0,0.0,0.0,4,1.0,0,0.0,0,0.0,True,True,False,False,difficult,0.5
REGION_MARKUP,https://hyundai-tools.ru,no,4,4,0,0,4,0,4,0.0,1.0,0.0,0.0,4,1.0,0,0.0,0,0.0,True,True,False,False,difficult,0.5
REGION_MARKUP,https://izhzip.ru,no,4,4,0,0,4,0,4,0.0,1.0,0.0,0.0,4,1.0,0,0.0,0,0.0,True,True,False,False,difficult,0.5
REGION_MARKUP,https://jarden.ru,yes,4,4,0,0,4,0,4,0.0,1.0,0.0,0.0,0,0.0,4,1.0,0,0.0,True,True,False,False,difficult,0.5
REGION_MARKUP,https://kamin-krasnodar.ru,no,4,4,0,0,4,0,4,0.0,1.0,0.0,0.0,4,1.0,0,0.0,0,0.0,True,True,False,False,difficult,0.5
REGION_MARKUP,https://kamyclothes.ru,no,4,4,0,0,4,0,4,0.0,1.0,0.0,0.0,4,1.0,0,0.0,0,0.0,True,True,False,False,difficult,0.5
REGION_MARKUP,https://kanalniki.ru,no,4,4,0,0,4,0,4,0.0,1.0,0.0,0.0,3,0.75,0,0.0,1,0.25,True,True,False,False,difficult,0.5
REGION_MARKUP,https://kartinyswarovski.ru,no,4,4,0,0,4,0,4,0.0,1.0,0.0,0.0,4,1.0,0,0.0,0,0.0,True,True,False,False,difficult,0.5
REGION_MARKUP,https://keraeco.ru,no,4,4,0,0,4,0,4,0.0,1.0,0.0,0.0,4,1.0,0,0.0,0,0.0,True,True,False,False,difficult,0.5
REGION_MARKUP,https://kover96.ru,no,4,4,0,0,4,0,4,0.0,1.0,0.0,0.0,4,1.0,0,0.0,0,0.0,True,True,False,False,difficult,0.5
REGION_MARKUP,https://ksk-66.ru,no,4,4,0,0,4,0,4,0.0,1.0,0.0,0.0,4,1.0,0,0.0,0,0.0,True,True,False,False,difficult,0.5
REGION_MARKUP,https://kupitutu.ru,no,4,4,0,0,4,0,4,0.0,1.0,0.0,0.0,4,1.0,0,0.0,0,0.0,True,True,False,False,difficult,0.5
REGION_MARKUP,https://lave-official.ru,no,4,4,0,0,4,0,4,0.0,1.0,0.0,0.0,4,1.0,0,0.0,0,0.0,True,True,False,False,difficult,0.5
REGION_MARKUP,https://lestnitsy-market.ru,no,4,4,0,0,4,0,4,0.0,1.0,0.0,0.0,4,1.0,0,0.0,0,0.0,True,True,False,False,difficult,0.5
REGION_MARKUP,https://lidamebel.com,not_working,4,4,0,0,4,0,4,0.0,1.0,0.0,0.0,4,1.0,0,0.0,0,0.0,True,True,False,False,difficult,0.5
REGION_MARKUP,https://limotiv.ru,no,4,4,0,0,4,0,4,0.0,1.0,0.0,0.0,4,1.0,0,0.0,0,0.0,True,True,False,False,difficult,0.5
REGION_MARKUP,https://lookoptika.com,no,4,4,0,0,4,0,4,0.0,1.0,0.0,0.0,4,1.0,0,0.0,0,0.0,True,True,False,False,difficult,0.5
REGION_MARKUP,https://lopoma-shop.ru,no,4,4,0,0,4,0,4,0.0,1.0,0.0,0.0,4,1.0,0,0.0,0,0.0,True,True,False,False,difficult,0.5
REGION_MARKUP,https://lubimchik72.ru,no,4,4,0,0,4,0,4,0.0,1.0,0.0,0.0,4,1.0,0,0.0,0,0.0,True,True,False,False,difficult,0.5
REGION_MARKUP,https://magic-kamin.ru,no,4,4,0,0,4,0,4,0.0,1.0,0.0,0.0,0,0.0,0,0.0,4,1.0,True,True,False,False,difficult,0.5
REGION_MARKUP,https://magnet-prof.ru,not_working,4,4,0,0,4,0,4,0.0,1.0,0.0,0.0,3,0.75,1,0.25,0,0.0,True,True,False,False,difficult,0.5
REGION_MARKUP,https://mai.com.ru,yes,4,4,0,0,4,0,4,0.0,1.0,0.0,0.0,0,0.0,0,0.0,4,1.0,True,True,False,False,difficult,0.5
REGION_MARKUP,https://masterbaroff.ru,no,4,4,0,0,4,0,4,0.0,1.0,0.0,0.0,4,1.0,0,0.0,0,0.0,True,True,False,False,difficult,0.5
REGION_MARKUP,https://measure-online.com,no,4,4,0,0,4,0,4,0.0,1.0,0.0,0.0,0,0.0,0,0.0,4,1.0,True,True,False,False,difficult,0.5
REGION_MARKUP,https://mebelnik-online.ru,no,4,4,0,0,4,0,4,0.0,1.0,0.0,0.0,0,0.0,0,0.0,4,1.0,True,True,False,False,difficult,0.5
REGION_MARKUP,https://meccalte-power.com,no,4,4,0,0,4,0,4,0.0,1.0,0.0,0.0,4,1.0,0,0.0,0,0.0,True,True,False,False,difficult,0.5
REGION_MARKUP,https://mk-stock.ru,no,4,4,0,0,4,0,4,0.0,1.0,0.0,0.0,4,1.0,0,0.0,0,0.0,True,True,False,False,difficult,0.5
REGION_MARKUP,https://mkoi.ru,no,4,4,0,0,4,0,4,0.0,1.0,0.0,0.0,4,1.0,0,0.0,0,0.0,True,True,False,False,difficult,0.5
REGION_MARKUP,https://modamebeli.ru,no,4,4,0,0,4,0,4,0.0,1.0,0.0,0.0,4,1.0,0,0.0,0,0.0,True,True,False,False,difficult,0.5
REGION_MARKUP,https://moleculab.ru,no,4,4,0,0,4,0,4,0.0,1.0,0.0,0.0,4,1.0,0,0.0,0,0.0,True,True,False,False,difficult,0.5
REGION_MARKUP,https://mydent24.ru,not_working,4,4,0,0,4,0,4,0.0,1.0,0.0,0.0,2,0.5,2,0.5,0,0.0,True,True,False,False,difficult,0.5
REGION_MARKUP,https://myshop-btn686.myinsales.ru,no,4,4,0,0,4,0,4,0.0,1.0,0.0,0.0,0,0.0,0,0.0,4,1.0,True,True,False,False,difficult,0.5
REGION_MARKUP,https://myshop-vf579.myinsales.ru,no,4,4,0,0,4,0,4,0.0,1.0,0.0,0.0,4,1.0,0,0.0,0,0.0,True,True,False,False,difficult,0.5
REGION_MARKUP,https://nasocks.ru,no,4,4,0,0,4,0,4,0.0,1.0,0.0,0.0,2,0.5,0,0.0,2,0.5,True,True,False,False,difficult,0.5
REGION_MARKUP,https://nelson-spec.ru,no,4,4,0,0,4,0,4,0.0,1.0,0.0,0.0,4,1.0,0,0.0,0,0.0,True,True,False,False,difficult,0.5
REGION_MARKUP,https://nowfoods.market,no,4,4,0,0,4,0,4,0.0,1.0,0.0,0.0,4,1.0,0,0.0,0,0.0,True,True,False,False,difficult,0.5
REGION_MARKUP,https://nw-shop.ru,not_working,4,4,0,0,4,0,4,0.0,1.0,0.0,0.0,4,1.0,0,0.0,0,0.0,True,True,False,False,difficult,0.5
REGION_MARKUP,https://okgbk.ru,not_working,4,4,0,0,4,0,4,0.0,1.0,0.0,0.0,0,0.0,4,1.0,0,0.0,True,True,False,False,difficult,0.5
REGION_MARKUP,https://omismarket.ru,no,4,4,0,0,4,0,4,0.0,1.0,0.0,0.0,4,1.0,0,0.0,0,0.0,True,True,False,False,difficult,0.5
REGION_MARKUP,https://opt-danceplus.ru,no,4,4,0,0,4,0,4,0.0,1.0,0.0,0.0,3,0.75,0,0.0,1,0.25,True,True,False,False,difficult,0.5
REGION_MARKUP,https://orb2000.ru,no,4,4,0,0,4,0,4,0.0,1.0,0.0,0.0,0,0.0,0,0.0,4,1.0,True,True,False,False,difficult,0.5
REGION_MARKUP,https://pallet-m.ru,no,4,4,0,0,4,0,4,0.0,1.0,0.0,0.0,0,0.0,0,0.0,4,1.0,True,True,False,False,difficult,0.5
REGION_MARKUP,https://parnik-udacha.ru,no,4,4,0,0,4,0,4,0.0,1.0,0.0,0.0,4,1.0,0,0.0,0,0.0,True,True,False,False,difficult,0.5
REGION_MARKUP,https://perekrestok.ru,not_working,4,4,0,0,4,0,4,0.0,1.0,0.0,0.0,0,0.0,4,1.0,0,0.0,True,True,False,False,difficult,0.5
REGION_MARKUP,https://playlab.ru,no,4,4,0,0,4,0,4,0.0,1.0,0.0,0.0,4,1.0,0,0.0,0,0.0,True,True,False,False,difficult,0.5
REGION_MARKUP,https://pmk-tools.ru,no,4,4,0,0,4,0,4,0.0,1.0,0.0,0.0,4,1.0,0,0.0,0,0.0,True,True,False,False,difficult,0.5
REGION_MARKUP,https://podzakaz-office-club.ru,no,4,4,0,0,4,0,4,0.0,1.0,0.0,0.0,4,1.0,0,0.0,0,0.0,True,True,False,False,difficult,0.5
REGION_MARKUP,https://polivm.ru,no,4,4,0,0,4,0,4,0.0,1.0,0.0,0.0,4,1.0,0,0.0,0,0.0,True,True,False,False,difficult,0.5
REGION_MARKUP,https://poloska-style.ru,no,4,4,0,0,4,0,4,0.0,1.0,0.0,0.0,4,1.0,0,0.0,0,0.0,True,True,False,False,difficult,0.5
REGION_MARKUP,https://polynor.info,no,4,4,0,0,4,0,4,0.0,1.0,0.0,0.0,4,1.0,0,0.0,0,0.0,True,True,False,False,difficult,0.5
REGION_MARKUP,https://pr-svet.ru,no,4,4,0,0,4,0,4,0.0,1.0,0.0,0.0,4,1.0,0,0.0,0,0.0,True,True,False,False,difficult,0.5
REGION_MARKUP,https://pricemi.ru,no,4,4,0,0,4,0,4,0.0,1.0,0.0,0.0,3,0.75,0,0.0,1,0.25,True,True,False,False,difficult,0.5
REGION_MARKUP,https://privet.store,no,4,4,0,0,4,0,4,0.0,1.0,0.0,0.0,4,1.0,0,0.0,0,0.0,True,True,False,False,difficult,0.5
REGION_MARKUP,https://restoran-servis.ru,no,4,4,0,0,4,0,4,0.0,1.0,0.0,0.0,4,1.0,0,0.0,0,0.0,True,True,False,False,difficult,0.5
REGION_MARKUP,https://rotorshop.ru,no,4,4,0,0,4,0,4,0.0,1.0,0.0,0.0,4,1.0,0,0.0,0,0.0,True,True,False,False,difficult,0.5
REGION_MARKUP,https://rusbuk.ru,no,4,4,0,0,4,0,4,0.0,1.0,0.0,0.0,4,1.0,0,0.0,0,0.0,True,True,False,False,difficult,0.5
REGION_MARKUP,https://russianbarista.ru,no,4,4,0,0,4,0,4,0.0,1.0,0.0,0.0,4,1.0,0,0.0,0,0.0,True,True,False,False,difficult,0.5
REGION_MARKUP,https://serbmebel.ru,no,4,4,0,0,4,0,4,0.0,1.0,0.0,0.0,4,1.0,0,0.0,0,0.0,True,True,False,False,difficult,0.5
REGION_MARKUP,https://shina-servis67.ru,no,4,4,0,0,4,0,4,0.0,1.0,0.0,0.0,4,1.0,0,0.0,0,0.0,True,True,False,False,difficult,0.5
REGION_MARKUP,https://silverreed-shop.ru,no,4,4,0,0,4,0,4,0.0,1.0,0.0,0.0,4,1.0,0,0.0,0,0.0,True,True,False,False,difficult,0.5
REGION_MARKUP,https://skrepka.org,no,4,4,0,0,4,0,4,0.0,1.0,0.0,0.0,4,1.0,0,0.0,0,0.0,True,True,False,False,difficult,0.5
REGION_MARKUP,https://skuratovcoffee.ru,yes,4,4,0,0,4,0,4,0.0,1.0,0.0,0.0,0,0.0,4,1.0,0,0.0,True,True,False,False,difficult,0.5
REGION_MARKUP,https://softclue.ru,no,4,4,0,0,4,0,4,0.0,1.0,0.0,0.0,0,0.0,0,0.0,4,1.0,True,True,False,False,difficult,0.5
REGION_MARKUP,https://ssmshop.ru,no,4,4,0,0,4,0,4,0.0,1.0,0.0,0.0,2,0.5,0,0.0,2,0.5,True,True,False,False,difficult,0.5
REGION_MARKUP,https://st40.ru,no,4,4,0,0,4,0,4,0.0,1.0,0.0,0.0,1,0.25,0,0.0,3,0.75,True,True,False,False,difficult,0.5
REGION_MARKUP,https://stihtools.ru,not_working,4,4,0,0,4,0,4,0.0,1.0,0.0,0.0,3,0.75,1,0.25,0,0.0,True,True,False,False,difficult,0.5
REGION_MARKUP,https://stylevorota.ru,no,4,4,0,0,4,0,4,0.0,1.0,0.0,0.0,0,0.0,0,0.0,4,1.0,True,True,False,False,difficult,0.5
REGION_MARKUP,https://subsuzoriginalparts.ru,no,4,4,0,0,4,0,4,0.0,1.0,0.0,0.0,4,1.0,0,0.0,0,0.0,True,True,False,False,difficult,0.5
REGION_MARKUP,https://swanshop.ru,no,4,4,0,0,4,0,4,0.0,1.0,0.0,0.0,0,0.0,0,0.0,4,1.0,True,True,False,False,difficult,0.5
REGION_MARKUP,https://synergy38.ru,no,4,4,0,0,4,0,4,0.0,1.0,0.0,0.0,0,0.0,0,0.0,4,1.0,True,True,False,False,difficult,0.5
REGION_MARKUP,https://tapir-foto.ru,no,4,4,0,0,4,0,4,0.0,1.0,0.0,0.0,4,1.0,0,0.0,0,0.0,True,True,False,False,difficult,0.5
REGION_MARKUP,https://td-gazgrad.ru,no,4,4,0,0,4,0,4,0.0,1.0,0.0,0.0,4,1.0,0,0.0,0,0.0,True,True,False,False,difficult,0.5
REGION_MARKUP,https://tein.com.ru,no,4,4,0,0,4,0,4,0.0,1.0,0.0,0.0,4,1.0,0,0.0,0,0.0,True,True,False,False,difficult,0.5
REGION_MARKUP,https://toplighter.ru,no,4,4,0,0,4,0,4,0.0,1.0,0.0,0.0,3,0.75,0,0.0,1,0.25,True,True,False,False,difficult,0.5
REGION_MARKUP,https://tri-star.ru,no,4,4,0,0,4,0,4,0.0,1.0,0.0,0.0,4,1.0,0,0.0,0,0.0,True,True,False,False,difficult,0.5
REGION_MARKUP,https://tuliponero.com,no,4,4,0,0,4,0,4,0.0,1.0,0.0,0.0,4,1.0,0,0.0,0,0.0,True,True,False,False,difficult,0.5
REGION_MARKUP,https://tvoypricep.ru,not_working,4,4,0,0,4,0,4,0.0,1.0,0.0,0.0,4,1.0,0,0.0,0,0.0,True,True,False,False,difficult,0.5
REGION_MARKUP,https://u2se.ru,no,4,4,0,0,4,0,4,0.0,1.0,0.0,0.0,4,1.0,0,0.0,0,0.0,True,True,False,False,difficult,0.5
REGION_MARKUP,https://uffstore.ru,no,4,4,0,0,4,0,4,0.0,1.0,0.0,0.0,4,1.0,0,0.0,0,0.0,True,True,False,False,difficult,0.5
REGION_MARKUP,https://uggi-store-russian.ru,no,4,4,0,0,4,0,4,0.0,1.0,0.0,0.0,3,0.75,0,0.0,1,0.25,True,True,False,False,difficult,0.5
REGION_MARKUP,https://upak-mf71.ru,no,4,4,0,0,4,0,4,0.0,1.0,0.0,0.0,4,1.0,0,0.0,0,0.0,True,True,False,False,difficult,0.5
REGION_MARKUP,https://uspehkrasoty.ru,no,4,4,0,0,4,0,4,0.0,1.0,0.0,0.0,4,1.0,0,0.0,0,0.0,True,True,False,False,difficult,0.5
REGION_MARKUP,https://vaskino.ru,no,4,4,0,0,4,0,4,0.0,1.0,0.0,0.0,4,1.0,0,0.0,0,0.0,True,True,False,False,difficult,0.5
REGION_MARKUP,https://vegasat.ru,no,4,4,0,0,4,0,4,0.0,1.0,0.0,0.0,4,1.0,0,0.0,0,0.0,True,True,False,False,difficult,0.5
REGION_MARKUP,https://vitoldglina.ru,no,4,4,0,0,4,0,4,0.0,1.0,0.0,0.0,4,1.0,0,0.0,0,0.0,True,True,False,False,difficult,0.5
REGION_MARKUP,https://w2g.ru,yes,4,4,0,0,4,0,4,0.0,1.0,0.0,0.0,0,0.0,0,0.0,4,1.0,True,True,False,False,difficult,0.5
REGION_MARKUP,https://webvanna.ru,yes,4,4,0,0,4,0,4,0.0,1.0,0.0,0.0,0,0.0,0,0.0,4,1.0,True,True,False,False,difficult,0.5
REGION_MARKUP,https://xenmag.ru,no,4,4,0,0,4,0,4,0.0,1.0,0.0,0.0,0,0.0,0,0.0,4,1.0,True,True,False,False,difficult,0.5
REGION_MARKUP,https://yadoma.com,no,4,4,0,0,4,0,4,0.0,1.0,0.0,0.0,4,1.0,0,0.0,0,0.0,True,True,False,False,difficult,0.5
REGION_MARKUP,https://zavod-rusich.ru,no,4,4,0,0,4,0,4,0.0,1.0,0.0,0.0,4,1.0,0,0.0,0,0.0,True,True,False,False,difficult,0.5
REGION_MARKUP,https://запчасти-кавказ.рф,no,4,4,0,0,4,0,4,0.0,1.0,0.0,0.0,4,1.0,0,0.0,0,0.0,True,True,False,False,difficult,0.5
REGION_MARKUP,https://купить-снегоуборщик.рф,no,4,4,0,0,4,0,4,0.0,1.0,0.0,0.0,4,1.0,0,0.0,0,0.0,True,True,False,False,difficult,0.5
REGION_MARKUP,https://лентаспб.рф,no,4,4,0,0,4,0,4,0.0,1.0,0.0,0.0,4,1.0,0,0.0,0,0.0,True,True,False,False,difficult,0.5
REGION_MARKUP,https://сарсвет.рф,no,4,4,0,0,4,0,4,0.0,1.0,0.0,0.0,4,1.0,0,0.0,0,0.0,True,True,False,False,difficult,0.5
REGION_MARKUP,https://спортфанат.рф,no,4,4,0,0,4,0,4,0.0,1.0,0.0,0.0,4,1.0,0,0.0,0,0.0,True,True,False,False,difficult,0.5
REGION_MARKUP,https://стокмьюзик.рф,no,4,4,0,0,4,0,4,0.0,1.0,0.0,0.0,4,1.0,0,0.0,0,0.0,True,True,False,False,difficult,0.5
REGION_MARKUP,https://mebelvivat.ru,no,6,6,0,0,6,1,5,0.16666666666666666,0.8333333333333334,0.0,0.0,5,0.8333333333333334,1,0.16666666666666666,0,0.0,True,True,False,False,difficult,0.33333333333333337
REGION_MARKUP,https://polyairpack.ru,no,6,6,0,0,6,1,5,0.16666666666666666,0.8333333333333334,0.0,0.0,5,0.8333333333333334,1,0.16666666666666666,0,0.0,True,True,False,False,difficult,0.33333333333333337
REGION_MARKUP,https://sadtoys.ru,no,6,6,0,0,6,1,5,0.16666666666666666,0.8333333333333334,0.0,0.0,0,0.0,1,0.16666666666666666,5,0.8333333333333334,True,True,False,False,difficult,0.33333333333333337
REGION_MARKUP,https://uralcb.ru,no,6,6,0,0,6,1,5,0.16666666666666666,0.8333333333333334,0.0,0.0,5,0.8333333333333334,1,0.16666666666666666,0,0.0,True,True,False,False,difficult,0.33333333333333337
REGION_MARKUP,https://yugkabel.ru,yes,6,6,0,0,6,1,5,0.16666666666666666,0.8333333333333334,0.0,0.0,1,0.16666666666666666,5,0.8333333333333334,0,0.0,True,True,False,False,difficult,0.33333333333333337
REGION_MARKUP,https://an-chip.ru,no,5,5,0,0,5,1,4,0.2,0.8,0.0,0.0,4,0.8,1,0.2,0,0.0,True,True,False,False,difficult,0.3
REGION_MARKUP,https://bt-technika.ru,no,5,5,0,0,5,1,4,0.2,0.8,0.0,0.0,4,0.8,1,0.2,0,0.0,True,True,False,False,difficult,0.3
REGION_MARKUP,https://moscow-watch.com,not_working,5,5,0,0,5,1,4,0.2,0.8,0.0,0.0,3,0.6,1,0.2,1,0.2,True,True,False,False,difficult,0.3
REGION_MARKUP,https://moya-shkatulka.ru,no,5,5,0,0,5,1,4,0.2,0.8,0.0,0.0,3,0.6,1,0.2,1,0.2,True,True,False,False,difficult,0.3
REGION_MARKUP,https://myshop-xa123.myinsales.ru,not_working,5,5,0,0,5,1,4,0.2,0.8,0.0,0.0,4,0.8,0,0.0,1,0.2,True,True,False,False,difficult,0.3
REGION_MARKUP,https://uctadieselpro.ru,no,5,5,0,0,5,1,4,0.2,0.8,0.0,0.0,4,0.8,1,0.2,0,0.0,True,True,False,False,difficult,0.3
REGION_MARKUP,https://россел.рф,no,5,5,0,0,5,1,4,0.2,0.8,0.0,0.0,4,0.8,1,0.2,0,0.0,True,True,False,False,difficult,0.3
REGION_MARKUP,https://apteka.ru,yes,8,8,0,0,8,2,6,0.25,0.75,0.0,0.0,2,0.25,6,0.75,0,0.0,True,True,False,False,difficult,0.25
REGION_MARKUP,https://stroy-respublika.ru,yes,8,8,0,0,8,2,6,0.25,0.75,0.0,0.0,2,0.25,6,0.75,0,0.0,True,True,False,False,difficult,0.25
REGION_MARKUP,https://1-й-московский-мебельный-завод.рф,no,4,4,0,0,4,1,3,0.25,0.75,0.0,0.0,3,0.75,1,0.25,0,0.0,True,True,False,False,difficult,0.25
REGION_MARKUP,https://a-mk.ru,no,4,4,0,0,4,1,3,0.25,0.75,0.0,0.0,0,0.0,1,0.25,3,0.75,True,True,False,False,difficult,0.25
REGION_MARKUP,https://ads-store.ru,yes,4,4,0,0,4,1,3,0.25,0.75,0.0,0.0,1,0.25,3,0.75,0,0.0,True,True,False,False,difficult,0.25
REGION_MARKUP,https://agrotrademlt.ru,no,4,4,0,0,4,1,3,0.25,0.75,0.0,0.0,3,0.75,1,0.25,0,0.0,True,True,False,False,difficult,0.25
REGION_MARKUP,https://al-en.ru,yes,4,4,0,0,4,1,3,0.25,0.75,0.0,0.0,1,0.25,3,0.75,0,0.0,True,True,False,False,difficult,0.25
REGION_MARKUP,https://apd52.ru,no,4,4,0,0,4,1,3,0.25,0.75,0.0,0.0,3,0.75,1,0.25,0,0.0,True,True,False,False,difficult,0.25
REGION_MARKUP,https://artribbon.ru,no,4,4,0,0,4,1,3,0.25,0.75,0.0,0.0,3,0.75,1,0.25,0,0.0,True,True,False,False,difficult,0.25
REGION_MARKUP,https://atoc.ru,yes,4,4,0,0,4,1,3,0.25,0.75,0.0,0.0,1,0.25,3,0.75,0,0.0,True,True,False,False,difficult,0.25
REGION_MARKUP,https://atp32.ru,no,4,4,0,0,4,1,3,0.25,0.75,0.0,0.0,3,0.75,1,0.25,0,0.0,True,True,False,False,difficult,0.25
REGION_MARKUP,https://avtoformula.ru,yes,4,4,0,0,4,1,3,0.25,0.75,0.0,0.0,1,0.25,3,0.75,0,0.0,True,True,False,False,difficult,0.25
REGION_MARKUP,https://becker-russia.ru,no,4,4,0,0,4,1,3,0.25,0.75,0.0,0.0,3,0.75,1,0.25,0,0.0,True,True,False,False,difficult,0.25
REGION_MARKUP,https://bestpack.su,no,4,4,0,0,4,1,3,0.25,0.75,0.0,0.0,3,0.75,1,0.25,0,0.0,True,True,False,False,difficult,0.25
REGION_MARKUP,https://bks-market.ru,no,4,4,0,0,4,1,3,0.25,0.75,0.0,0.0,3,0.75,1,0.25,0,0.0,True,True,False,False,difficult,0.25
REGION_MARKUP,https://boardgameknight.ru,no,4,4,0,0,4,1,3,0.25,0.75,0.0,0.0,3,0.75,1,0.25,0,0.0,True,True,False,False,difficult,0.25
REGION_MARKUP,https://bomondceramica.ru,no,4,4,0,0,4,1,3,0.25,0.75,0.0,0.0,3,0.75,1,0.25,0,0.0,True,True,False,False,difficult,0.25
REGION_MARKUP,https://borsavita.ru,no,4,4,0,0,4,1,3,0.25,0.75,0.0,0.0,3,0.75,1,0.25,0,0.0,True,True,False,False,difficult,0.25
REGION_MARKUP,https://chint-com.ru,no,4,4,0,0,4,1,3,0.25,0.75,0.0,0.0,3,0.75,1,0.25,0,0.0,True,True,False,False,difficult,0.25
REGION_MARKUP,https://cnrg-oil.ru,no,4,4,0,0,4,1,3,0.25,0.75,0.0,0.0,3,0.75,1,0.25,0,0.0,True,True,False,False,difficult,0.25
REGION_MARKUP,https://cosyroom.ru,no,4,4,0,0,4,1,3,0.25,0.75,0.0,0.0,3,0.75,1,0.25,0,0.0,True,True,False,False,difficult,0.25
REGION_MARKUP,https://dogtalkshop.ru,no,4,4,0,0,4,1,3,0.25,0.75,0.0,0.0,3,0.75,1,0.25,0,0.0,True,True,False,False,difficult,0.25
REGION_MARKUP,https://domplitok.ru,no,4,4,0,0,4,1,3,0.25,0.75,0.0,0.0,3,0.75,1,0.25,0,0.0,True,True,False,False,difficult,0.25
REGION_MARKUP,https://ecar55.ru,no,4,4,0,0,4,1,3,0.25,0.75,0.0,0.0,3,0.75,1,0.25,0,0.0,True,True,False,False,difficult,0.25
REGION_MARKUP,https://elitedom-shop.ru,no,4,4,0,0,4,1,3,0.25,0.75,0.0,0.0,3,0.75,1,0.25,0,0.0,True,True,False,False,difficult,0.25
REGION_MARKUP,https://eurobion.ru,yes,4,4,0,0,4,1,3,0.25,0.75,0.0,0.0,1,0.25,3,0.75,0,0.0,True,True,False,False,difficult,0.25
REGION_MARKUP,https://fermobrussia.ru,no,4,4,0,0,4,1,3,0.25,0.75,0.0,0.0,3,0.75,1,0.25,0,0.0,True,True,False,False,difficult,0.25
REGION_MARKUP,https://galeontrade.ru,no,4,4,0,0,4,1,3,0.25,0.75,0.0,0.0,3,0.75,1,0.25,0,0.0,True,True,False,False,difficult,0.25
REGION_MARKUP,https://ganzo.ru,no,4,4,0,0,4,1,3,0.25,0.75,0.0,0.0,3,0.75,1,0.25,0,0.0,True,True,False,False,difficult,0.25
REGION_MARKUP,https://geo-smart.su,no,4,4,0,0,4,1,3,0.25,0.75,0.0,0.0,0,0.0,1,0.25,3,0.75,True,True,False,False,difficult,0.25
REGION_MARKUP,https://healthband.ru,no,4,4,0,0,4,1,3,0.25,0.75,0.0,0.0,3,0.75,1,0.25,0,0.0,True,True,False,False,difficult,0.25
REGION_MARKUP,https://himlabgrup.ru,no,4,4,0,0,4,1,3,0.25,0.75,0.0,0.0,3,0.75,1,0.25,0,0.0,True,True,False,False,difficult,0.25
REGION_MARKUP,https://honey-gifts.ru,no,4,4,0,0,4,1,3,0.25,0.75,0.0,0.0,3,0.75,1,0.25,0,0.0,True,True,False,False,difficult,0.25
REGION_MARKUP,https://impremium.ru,no,4,4,0,0,4,1,3,0.25,0.75,0.0,0.0,3,0.75,1,0.25,0,0.0,True,True,False,False,difficult,0.25
REGION_MARKUP,https://intermplast.ru,yes,4,4,0,0,4,1,3,0.25,0.75,0.0,0.0,1,0.25,2,0.5,1,0.25,True,True,False,False,difficult,0.25
REGION_MARKUP,https://ism-mos.ru,no,4,4,0,0,4,1,3,0.25,0.75,0.0,0.0,3,0.75,1,0.25,0,0.0,True,True,False,False,difficult,0.25
REGION_MARKUP,https://k-1.ru,no,4,4,0,0,4,1,3,0.25,0.75,0.0,0.0,0,0.0,1,0.25,3,0.75,True,True,False,False,difficult,0.25
REGION_MARKUP,https://k744.ru,no,4,4,0,0,4,1,3,0.25,0.75,0.0,0.0,3,0.75,1,0.25,0,0.0,True,True,False,False,difficult,0.25
REGION_MARKUP,https://kolesa812.ru,no,4,4,0,0,4,1,3,0.25,0.75,0.0,0.0,3,0.75,1,0.25,0,0.0,True,True,False,False,difficult,0.25
REGION_MARKUP,https://korolevaxl.ru,yes,4,4,0,0,4,1,3,0.25,0.75,0.0,0.0,1,0.25,3,0.75,0,0.0,True,True,False,False,difficult,0.25
REGION_MARKUP,https://kronidov.ru,no,4,4,0,0,4,1,3,0.25,0.75,0.0,0.0,3,0.75,1,0.25,0,0.0,True,True,False,False,difficult,0.25
REGION_MARKUP,https://kronosg.ru,no,4,4,0,0,4,1,3,0.25,0.75,0.0,0.0,3,0.75,1,0.25,0,0.0,True,True,False,False,difficult,0.25
REGION_MARKUP,https://laserstore.ru,no,4,4,0,0,4,1,3,0.25,0.75,0.0,0.0,3,0.75,1,0.25,0,0.0,True,True,False,False,difficult,0.25
REGION_MARKUP,https://letifabric.ru,no,4,4,0,0,4,1,3,0.25,0.75,0.0,0.0,3,0.75,1,0.25,0,0.0,True,True,False,False,difficult,0.25
REGION_MARKUP,https://loyminaural.ru,no,4,4,0,0,4,1,3,0.25,0.75,0.0,0.0,3,0.75,1,0.25,0,0.0,True,True,False,False,difficult,0.25
REGION_MARKUP,https://maisonlandscape.com,no,4,4,0,0,4,1,3,0.25,0.75,0.0,0.0,3,0.75,1,0.25,0,0.0,True,True,False,False,difficult,0.25
REGION_MARKUP,https://midway.spb.ru,no,4,4,0,0,4,1,3,0.25,0.75,0.0,0.0,3,0.75,1,0.25,0,0.0,True,True,False,False,difficult,0.25
REGION_MARKUP,https://militaria.pl,no,4,4,0,0,4,1,3,0.25,0.75,0.0,0.0,0,0.0,1,0.25,3,0.75,True,True,False,False,difficult,0.25
REGION_MARKUP,https://mkservice.su,no,4,4,0,0,4,1,3,0.25,0.75,0.0,0.0,3,0.75,1,0.25,0,0.0,True,True,False,False,difficult,0.25
REGION_MARKUP,https://momngo.ru,yes,4,4,0,0,4,1,3,0.25,0.75,0.0,0.0,1,0.25,1,0.25,2,0.5,True,True,False,False,difficult,0.25
REGION_MARKUP,https://nellina.com,no,4,4,0,0,4,1,3,0.25,0.75,0.0,0.0,3,0.75,1,0.25,0,0.0,True,True,False,False,difficult,0.25
REGION_MARKUP,https://nobody.solutions,yes,4,4,0,0,4,1,3,0.25,0.75,0.0,0.0,1,0.25,3,0.75,0,0.0,True,True,False,False,difficult,0.25
REGION_MARKUP,https://ofiss24.ru,no,4,4,0,0,4,1,3,0.25,0.75,0.0,0.0,3,0.75,1,0.25,0,0.0,True,True,False,False,difficult,0.25
REGION_MARKUP,https://ogogo.ru,yes,4,4,0,0,4,1,3,0.25,0.75,0.0,0.0,1,0.25,3,0.75,0,0.0,True,True,False,False,difficult,0.25
REGION_MARKUP,https://olivriero.com,no,4,4,0,0,4,1,3,0.25,0.75,0.0,0.0,3,0.75,1,0.25,0,0.0,True,True,False,False,difficult,0.25
REGION_MARKUP,https://orion-e.com,no,4,4,0,0,4,1,3,0.25,0.75,0.0,0.0,3,0.75,1,0.25,0,0.0,True,True,False,False,difficult,0.25
REGION_MARKUP,https://parafin64.ru,no,4,4,0,0,4,1,3,0.25,0.75,0.0,0.0,3,0.75,1,0.25,0,0.0,True,True,False,False,difficult,0.25
REGION_MARKUP,https://pestmarket24.com,no,4,4,0,0,4,1,3,0.25,0.75,0.0,0.0,3,0.75,1,0.25,0,0.0,True,True,False,False,difficult,0.25
REGION_MARKUP,https://pinfl-avd.ru,no,4,4,0,0,4,1,3,0.25,0.75,0.0,0.0,3,0.75,1,0.25,0,0.0,True,True,False,False,difficult,0.25
REGION_MARKUP,https://pkfsst.ru,no,4,4,0,0,4,1,3,0.25,0.75,0.0,0.0,3,0.75,1,0.25,0,0.0,True,True,False,False,difficult,0.25
REGION_MARKUP,https://planet-floor.ru,no,4,4,0,0,4,1,3,0.25,0.75,0.0,0.0,1,0.25,1,0.25,2,0.5,True,True,False,False,difficult,0.25
REGION_MARKUP,https://prom55.ru,yes,4,4,0,0,4,1,3,0.25,0.75,0.0,0.0,1,0.25,3,0.75,0,0.0,True,True,False,False,difficult,0.25
REGION_MARKUP,https://prosvet66.ru,no,4,4,0,0,4,1,3,0.25,0.75,0.0,0.0,3,0.75,1,0.25,0,0.0,True,True,False,False,difficult,0.25
REGION_MARKUP,https://prozapavto.ru,no,4,4,0,0,4,1,3,0.25,0.75,0.0,0.0,3,0.75,1,0.25,0,0.0,True,True,False,False,difficult,0.25
REGION_MARKUP,https://resurs-plast.ru,no,4,4,0,0,4,1,3,0.25,0.75,0.0,0.0,3,0.75,1,0.25,0,0.0,True,True,False,False,difficult,0.25
REGION_MARKUP,https://rgw-magazin.ru,no,4,4,0,0,4,1,3,0.25,0.75,0.0,0.0,3,0.75,1,0.25,0,0.0,True,True,False,False,difficult,0.25
REGION_MARKUP,https://rod-mebel.ru,no,4,4,0,0,4,1,3,0.25,0.75,0.0,0.0,0,0.0,1,0.25,3,0.75,True,True,False,False,difficult,0.25
REGION_MARKUP,https://rowen.ru,no,4,4,0,0,4,1,3,0.25,0.75,0.0,0.0,3,0.75,1,0.25,0,0.0,True,True,False,False,difficult,0.25
REGION_MARKUP,https://ryazanskiy-dommebeli.ru,no,4,4,0,0,4,1,3,0.25,0.75,0.0,0.0,3,0.75,1,0.25,0,0.0,True,True,False,False,difficult,0.25
REGION_MARKUP,https://savosina.ru,no,4,4,0,0,4,1,3,0.25,0.75,0.0,0.0,3,0.75,1,0.25,0,0.0,True,True,False,False,difficult,0.25
REGION_MARKUP,https://sd-lenta.ru,no,4,4,0,0,4,1,3,0.25,0.75,0.0,0.0,3,0.75,1,0.25,0,0.0,True,True,False,False,difficult,0.25
REGION_MARKUP,https://selfiedress.ru,no,4,4,0,0,4,1,3,0.25,0.75,0.0,0.0,3,0.75,1,0.25,0,0.0,True,True,False,False,difficult,0.25
REGION_MARKUP,https://sensa-massage.ru,no,4,4,0,0,4,1,3,0.25,0.75,0.0,0.0,3,0.75,1,0.25,0,0.0,True,True,False,False,difficult,0.25
REGION_MARKUP,https://serenadatex.ru,no,4,4,0,0,4,1,3,0.25,0.75,0.0,0.0,3,0.75,1,0.25,0,0.0,True,True,False,False,difficult,0.25
REGION_MARKUP,https://shevronpatriot.ru,no,4,4,0,0,4,1,3,0.25,0.75,0.0,0.0,3,0.75,1,0.25,0,0.0,True,True,False,False,difficult,0.25
REGION_MARKUP,https://siemens-store.ru,no,4,4,0,0,4,1,3,0.25,0.75,0.0,0.0,3,0.75,1,0.25,0,0.0,True,True,False,False,difficult,0.25
REGION_MARKUP,https://slinex.pro,no,4,4,0,0,4,1,3,0.25,0.75,0.0,0.0,3,0.75,1,0.25,0,0.0,True,True,False,False,difficult,0.25
REGION_MARKUP,https://soeks.ru,no,4,4,0,0,4,1,3,0.25,0.75,0.0,0.0,3,0.75,1,0.25,0,0.0,True,True,False,False,difficult,0.25
REGION_MARKUP,https://sparta-outfit.ru,no,4,4,0,0,4,1,3,0.25,0.75,0.0,0.0,3,0.75,1,0.25,0,0.0,True,True,False,False,difficult,0.25
REGION_MARKUP,https://spispokoino.com,no,4,4,0,0,4,1,3,0.25,0.75,0.0,0.0,3,0.75,1,0.25,0,0.0,True,True,False,False,difficult,0.25
REGION_MARKUP,https://svet-mira.ru,no,4,4,0,0,4,1,3,0.25,0.75,0.0,0.0,3,0.75,1,0.25,0,0.0,True,True,False,False,difficult,0.25
REGION_MARKUP,https://td-detal.ru,no,4,4,0,0,4,1,3,0.25,0.75,0.0,0.0,3,0.75,1,0.25,0,0.0,True,True,False,False,difficult,0.25
REGION_MARKUP,https://tdarmada.ru,no,4,4,0,0,4,1,3,0.25,0.75,0.0,0.0,3,0.75,1,0.25,0,0.0,True,True,False,False,difficult,0.25
REGION_MARKUP,https://texkom.ru,yes,4,4,0,0,4,1,3,0.25,0.75,0.0,0.0,1,0.25,3,0.75,0,0.0,True,True,False,False,difficult,0.25
REGION_MARKUP,https://tion.ru,no,4,4,0,0,4,1,3,0.25,0.75,0.0,0.0,3,0.75,1,0.25,0,0.0,True,True,False,False,difficult,0.25
REGION_MARKUP,https://tkani-na-postel.ru,no,4,4,0,0,4,1,3,0.25,0.75,0.0,0.0,3,0.75,1,0.25,0,0.0,True,True,False,False,difficult,0.25
REGION_MARKUP,https://u-wave.ru,no,4,4,0,0,4,1,3,0.25,0.75,0.0,0.0,3,0.75,1,0.25,0,0.0,True,True,False,False,difficult,0.25
REGION_MARKUP,https://urus.top,no,4,4,0,0,4,1,3,0.25,0.75,0.0,0.0,3,0.75,1,0.25,0,0.0,True,True,False,False,difficult,0.25
REGION_MARKUP,https://utepliteli-77.ru,no,4,4,0,0,4,1,3,0.25,0.75,0.0,0.0,3,0.75,1,0.25,0,0.0,True,True,False,False,difficult,0.25
REGION_MARKUP,https://warm-west.ru,no,4,4,0,0,4,1,3,0.25,0.75,0.0,0.0,3,0.75,1,0.25,0,0.0,True,True,False,False,difficult,0.25
REGION_MARKUP,https://wookah-store.ru,yes,4,4,0,0,4,1,3,0.25,0.75,0.0,0.0,1,0.25,2,0.5,1,0.25,True,True,False,False,difficult,0.25
REGION_MARKUP,https://zapitai.ru,no,4,4,0,0,4,1,3,0.25,0.75,0.0,0.0,3,0.75,1,0.25,0,0.0,True,True,False,False,difficult,0.25
REGION_MARKUP,https://евромакс.рф,no,4,4,0,0,4,1,3,0.25,0.75,0.0,0.0,0,0.0,1,0.25,3,0.75,True,True,False,False,difficult,0.25
REGION_MARKUP,https://кристаллит.рф,no,4,4,0,0,4,1,3,0.25,0.75,0.0,0.0,3,0.75,1,0.25,0,0.0,True,True,False,False,difficult,0.25
REGION_MARKUP,https://мифон.рф,yes,4,4,0,0,4,1,3,0.25,0.75,0.0,0.0,1,0.25,3,0.75,0,0.0,True,True,False,False,difficult,0.25
REGION_MARKUP,https://мягкие-лапки.рф,no,4,4,0,0,4,1,3,0.25,0.75,0.0,0.0,3,0.75,1,0.25,0,0.0,True,True,False,False,difficult,0.25
REGION_MARKUP,https://davitamebel.ru,no,7,7,0,0,7,2,5,0.2857142857142857,0.7142857142857143,0.0,0.0,4,0.5714285714285714,2,0.2857142857142857,1,0.14285714285714285,True,True,False,False,difficult,0.2142857142857143
REGION_MARKUP,https://myplantoys.ru,no,6,6,0,0,6,2,4,0.3333333333333333,0.6666666666666666,0.0,0.0,4,0.6666666666666666,2,0.3333333333333333,0,0.0,True,True,False,False,difficult,0.16666666666666669
REGION_MARKUP,https://profnastill.com,no,6,6,0,0,6,2,4,0.3333333333333333,0.6666666666666666,0.0,0.0,4,0.6666666666666666,2,0.3333333333333333,0,0.0,True,True,False,False,difficult,0.16666666666666669
REGION_MARKUP,https://rsmebel.ru,no,6,6,0,0,6,2,4,0.3333333333333333,0.6666666666666666,0.0,0.0,4,0.6666666666666666,2,0.3333333333333333,0,0.0,True,True,False,False,difficult,0.16666666666666669
REGION_MARKUP,https://skytruck.ru,yes,6,6,0,0,6,2,4,0.3333333333333333,0.6666666666666666,0.0,0.0,2,0.3333333333333333,4,0.6666666666666666,0,0.0,True,True,False,False,difficult,0.16666666666666669
REGION_MARKUP,https://tovarsssr.ru,no,6,6,0,0,6,2,4,0.3333333333333333,0.6666666666666666,0.0,0.0,4,0.6666666666666666,2,0.3333333333333333,0,0.0,True,True,False,False,difficult,0.16666666666666669
REGION_MARKUP,https://эра-тепла.рф,no,6,6,0,0,6,2,4,0.3333333333333333,0.6666666666666666,0.0,0.0,1,0.16666666666666666,2,0.3333333333333333,3,0.5,True,True,False,False,difficult,0.16666666666666669
REGION_MARKUP,https://batareika-nn.ru,no,5,5,0,0,5,2,3,0.4,0.6,0.0,0.0,3,0.6,2,0.4,0,0.0,True,True,False,False,difficult,0.09999999999999998
REGION_MARKUP,https://dilikat.ru,no,5,5,0,0,5,2,3,0.4,0.6,0.0,0.0,3,0.6,2,0.4,0,0.0,True,True,False,False,difficult,0.09999999999999998
REGION_MARKUP,https://eurotac.ru,no,5,5,0,0,5,2,3,0.4,0.6,0.0,0.0,3,0.6,2,0.4,0,0.0,True,True,False,False,difficult,0.09999999999999998
REGION_MARKUP,https://pnd27.ru,no,5,5,0,0,5,2,3,0.4,0.6,0.0,0.0,3,0.6,2,0.4,0,0.0,True,True,False,False,difficult,0.09999999999999998
REGION_MARKUP,https://ufa-si.ru,no,5,5,0,0,5,2,3,0.4,0.6,0.0,0.0,0,0.0,2,0.4,3,0.6,True,True,False,False,difficult,0.09999999999999998
REGION_MARKUP,https://uralchugun.ru,no,5,5,0,0,5,2,3,0.4,0.6,0.0,0.0,3,0.6,2,0.4,0,0.0,True,True,False,False,difficult,0.09999999999999998
REGION_MARKUP,https://giftarcher.ru,no,6,6,0,0,6,3,3,0.5,0.5,0.0,0.0,3,0.5,3,0.5,0,0.0,True,False,True,False,ambiguous,0.0
REGION_MARKUP,https://tvoya-vaza.ru,no,6,6,0,0,6,3,3,0.5,0.5,0.0,0.0,3,0.5,3,0.5,0,0.0,True,False,True,False,ambiguous,0.0
REGION_MARKUP,https://бир.рф,yes,6,6,0,0,6,3,3,0.5,0.5,0.0,0.0,3,0.5,3,0.5,0,0.0,True,False,True,False,ambiguous,0.0
REGION_MARKUP,https://1pars.ru,no,4,4,0,0,4,2,2,0.5,0.5,0.0,0.0,2,0.5,2,0.5,0,0.0,True,False,True,False,ambiguous,0.0
REGION_MARKUP,https://425555.ru,yes,4,4,0,0,4,2,2,0.5,0.5,0.0,0.0,2,0.5,2,0.5,0,0.0,True,False,True,False,ambiguous,0.0
REGION_MARKUP,https://7953084.ru,no,4,4,0,0,4,2,2,0.5,0.5,0.0,0.0,2,0.5,2,0.5,0,0.0,True,False,True,False,ambiguous,0.0
REGION_MARKUP,https://aa-craft.ru,no,4,4,0,0,4,2,2,0.5,0.5,0.0,0.0,2,0.5,2,0.5,0,0.0,True,False,True,False,ambiguous,0.0
REGION_MARKUP,https://aa40.ru,no,4,4,0,0,4,2,2,0.5,0.5,0.0,0.0,1,0.25,2,0.5,1,0.25,True,False,True,False,ambiguous,0.0
REGION_MARKUP,https://advantix-pc.ru,no,4,4,0,0,4,2,2,0.5,0.5,0.0,0.0,2,0.5,2,0.5,0,0.0,True,False,True,False,ambiguous,0.0
REGION_MARKUP,https://aeg-com.ru,yes,4,4,0,0,4,2,2,0.5,0.5,0.0,0.0,2,0.5,2,0.5,0,0.0,True,False,True,False,ambiguous,0.0
REGION_MARKUP,https://airbeautyshop.ru,no,4,4,0,0,4,2,2,0.5,0.5,0.0,0.0,2,0.5,2,0.5,0,0.0,True,False,True,False,ambiguous,0.0
REGION_MARKUP,https://albinel.ru,no,4,4,0,0,4,2,2,0.5,0.5,0.0,0.0,2,0.5,2,0.5,0,0.0,True,False,True,False,ambiguous,0.0
REGION_MARKUP,https://alt-online.ru,no,4,4,0,0,4,2,2,0.5,0.5,0.0,0.0,0,0.0,2,0.5,2,0.5,True,False,True,False,ambiguous,0.0
REGION_MARKUP,https://annline.ru,no,4,4,0,0,4,2,2,0.5,0.5,0.0,0.0,2,0.5,2,0.5,0,0.0,True,False,True,False,ambiguous,0.0
REGION_MARKUP,https://apexdental.ru,no,4,4,0,0,4,2,2,0.5,0.5,0.0,0.0,2,0.5,2,0.5,0,0.0,True,False,True,False,ambiguous,0.0
REGION_MARKUP,https://art-kormushka.com.ru,no,4,4,0,0,4,2,2,0.5,0.5,0.0,0.0,2,0.5,2,0.5,0,0.0,True,False,True,False,ambiguous,0.0
REGION_MARKUP,https://ateplica.ru,no,4,4,0,0,4,2,2,0.5,0.5,0.0,0.0,2,0.5,2,0.5,0,0.0,True,False,True,False,ambiguous,0.0
REGION_MARKUP,https://auto-sklad161.ru,yes,4,4,0,0,4,2,2,0.5,0.5,0.0,0.0,2,0.5,2,0.5,0,0.0,True,False,True,False,ambiguous,0.0
REGION_MARKUP,https://azs-kolonka.ru,no,4,4,0,0,4,2,2,0.5,0.5,0.0,0.0,2,0.5,2,0.5,0,0.0,True,False,True,False,ambiguous,0.0
REGION_MARKUP,https://batbaza.ru,no,4,4,0,0,4,2,2,0.5,0.5,0.0,0.0,0,0.0,2,0.5,2,0.5,True,False,True,False,ambiguous,0.0
REGION_MARKUP,https://bestauto59.ru,no,4,4,0,0,4,2,2,0.5,0.5,0.0,0.0,2,0.5,2,0.5,0,0.0,True,False,True,False,ambiguous,0.0
REGION_MARKUP,https://bocman.ru,no,4,4,0,0,4,2,2,0.5,0.5,0.0,0.0,2,0.5,2,0.5,0,0.0,True,False,True,False,ambiguous,0.0
REGION_MARKUP,https://bronzegym.ru,no,4,4,0,0,4,2,2,0.5,0.5,0.0,0.0,2,0.5,2,0.5,0,0.0,True,False,True,False,ambiguous,0.0
REGION_MARKUP,https://bs24.org,no,4,4,0,0,4,2,2,0.5,0.5,0.0,0.0,2,0.5,2,0.5,0,0.0,True,False,True,False,ambiguous,0.0
REGION_MARKUP,https://chepetskmebel.ru,no,4,4,0,0,4,2,2,0.5,0.5,0.0,0.0,2,0.5,2,0.5,0,0.0,True,False,True,False,ambiguous,0.0
REGION_MARKUP,https://chernimcherno.com,yes,4,4,0,0,4,2,2,0.5,0.5,0.0,0.0,2,0.5,2,0.5,0,0.0,True,False,True,False,ambiguous,0.0
REGION_MARKUP,https://chip24.ru,no,4,4,0,0,4,2,2,0.5,0.5,0.0,0.0,2,0.5,2,0.5,0,0.0,True,False,True,False,ambiguous,0.0
REGION_MARKUP,https://code7.plus,no,4,4,0,0,4,2,2,0.5,0.5,0.0,0.0,2,0.5,2,0.5,0,0.0,True,False,True,False,ambiguous,0.0
REGION_MARKUP,https://compressor-ga.ru,no,4,4,0,0,4,2,2,0.5,0.5,0.0,0.0,2,0.5,2,0.5,0,0.0,True,False,True,False,ambiguous,0.0
REGION_MARKUP,https://dakar118.ru,no,4,4,0,0,4,2,2,0.5,0.5,0.0,0.0,2,0.5,2,0.5,0,0.0,True,False,True,False,ambiguous,0.0
REGION_MARKUP,https://dikonauto.ru,no,4,4,0,0,4,2,2,0.5,0.5,0.0,0.0,1,0.25,2,0.5,1,0.25,True,False,True,False,ambiguous,0.0
REGION_MARKUP,https://discount-electro.com,no,4,4,0,0,4,2,2,0.5,0.5,0.0,0.0,2,0.5,2,0.5,0,0.0,True,False,True,False,ambiguous,0.0
REGION_MARKUP,https://domzamkov.com,yes,4,4,0,0,4,2,2,0.5,0.5,0.0,0.0,2,0.5,2,0.5,0,0.0,True,False,True,False,ambiguous,0.0
REGION_MARKUP,https://dvernoi-portal.ru,no,4,4,0,0,4,2,2,0.5,0.5,0.0,0.0,1,0.25,2,0.5,1,0.25,True,False,True,False,ambiguous,0.0
REGION_MARKUP,https://dzso.ru,no,4,4,0,0,4,2,2,0.5,0.5,0.0,0.0,0,0.0,2,0.5,2,0.5,True,False,True,False,ambiguous,0.0
REGION_MARKUP,https://egida-lab.ru,no,4,4,0,0,4,2,2,0.5,0.5,0.0,0.0,2,0.5,2,0.5,0,0.0,True,False,True,False,ambiguous,0.0
REGION_MARKUP,https://flowerballoons.ru,no,4,4,0,0,4,2,2,0.5,0.5,0.0,0.0,2,0.5,2,0.5,0,0.0,True,False,True,False,ambiguous,0.0
REGION_MARKUP,https://formazashchity.ru,no,4,4,0,0,4,2,2,0.5,0.5,0.0,0.0,2,0.5,2,0.5,0,0.0,True,False,True,False,ambiguous,0.0
REGION_MARKUP,https://fotokubikpro.ru,no,4,4,0,0,4,2,2,0.5,0.5,0.0,0.0,2,0.5,2,0.5,0,0.0,True,False,True,False,ambiguous,0.0
REGION_MARKUP,https://gamebuy.ru,yes,4,4,0,0,4,2,2,0.5,0.5,0.0,0.0,2,0.5,2,0.5,0,0.0,True,False,True,False,ambiguous,0.0
REGION_MARKUP,https://gardeck24.ru,yes,4,4,0,0,4,2,2,0.5,0.5,0.0,0.0,2,0.5,2,0.5,0,0.0,True,False,True,False,ambiguous,0.0
REGION_MARKUP,https://gazobeton24.ru,no,4,4,0,0,4,2,2,0.5,0.5,0.0,0.0,0,0.0,2,0.5,2,0.5,True,False,True,False,ambiguous,0.0
REGION_MARKUP,https://gees-inc.ru,no,4,4,0,0,4,2,2,0.5,0.5,0.0,0.0,2,0.5,2,0.5,0,0.0,True,False,True,False,ambiguous,0.0
REGION_MARKUP,https://globalstone.ru,no,4,4,0,0,4,2,2,0.5,0.5,0.0,0.0,2,0.5,2,0.5,0,0.0,True,False,True,False,ambiguous,0.0
REGION_MARKUP,https://grinc.ru,yes,4,4,0,0,4,2,2,0.5,0.5,0.0,0.0,2,0.5,2,0.5,0,0.0,True,False,True,False,ambiguous,0.0
REGION_MARKUP,https://gudrok.ru,no,4,4,0,0,4,2,2,0.5,0.5,0.0,0.0,2,0.5,2,0.5,0,0.0,True,False,True,False,ambiguous,0.0
REGION_MARKUP,https://hassfashion.ru,no,4,4,0,0,4,2,2,0.5,0.5,0.0,0.0,2,0.5,2,0.5,0,0.0,True,False,True,False,ambiguous,0.0
REGION_MARKUP,https://heleos.ru,yes,4,4,0,0,4,2,2,0.5,0.5,0.0,0.0,2,0.5,2,0.5,0,0.0,True,False,True,False,ambiguous,0.0
REGION_MARKUP,https://hybrid-ibp.ru,yes,4,4,0,0,4,2,2,0.5,0.5,0.0,0.0,2,0.5,2,0.5,0,0.0,True,False,True,False,ambiguous,0.0
REGION_MARKUP,https://imperia-cvetov.ru,no,4,4,0,0,4,2,2,0.5,0.5,0.0,0.0,2,0.5,2,0.5,0,0.0,True,False,True,False,ambiguous,0.0
REGION_MARKUP,https://italbazar.ru,no,4,4,0,0,4,2,2,0.5,0.5,0.0,0.0,2,0.5,2,0.5,0,0.0,True,False,True,False,ambiguous,0.0
REGION_MARKUP,https://kanz34.ru,no,4,4,0,0,4,2,2,0.5,0.5,0.0,0.0,2,0.5,2,0.5,0,0.0,True,False,True,False,ambiguous,0.0
REGION_MARKUP,https://keramogranit24.ru,no,4,4,0,0,4,2,2,0.5,0.5,0.0,0.0,2,0.5,2,0.5,0,0.0,True,False,True,False,ambiguous,0.0
REGION_MARKUP,https://kuh-ugolki.ru,no,4,4,0,0,4,2,2,0.5,0.5,0.0,0.0,2,0.5,2,0.5,0,0.0,True,False,True,False,ambiguous,0.0
REGION_MARKUP,https://kupelli.ru,no,4,4,0,0,4,2,2,0.5,0.5,0.0,0.0,2,0.5,2,0.5,0,0.0,True,False,True,False,ambiguous,0.0
REGION_MARKUP,https://laaroom.ru,no,4,4,0,0,4,2,2,0.5,0.5,0.0,0.0,2,0.5,2,0.5,0,0.0,True,False,True,False,ambiguous,0.0
REGION_MARKUP,https://led119.clients.site,no,4,4,0,0,4,2,2,0.5,0.5,0.0,0.0,2,0.5,2,0.5,0,0.0,True,False,True,False,ambiguous,0.0
REGION_MARKUP,https://lesnoy-dom.com,no,4,4,0,0,4,2,2,0.5,0.5,0.0,0.0,2,0.5,2,0.5,0,0.0,True,False,True,False,ambiguous,0.0
REGION_MARKUP,https://longtrail.ru,no,4,4,0,0,4,2,2,0.5,0.5,0.0,0.0,1,0.25,2,0.5,1,0.25,True,False,True,False,ambiguous,0.0
REGION_MARKUP,https://lukomorie.studio,no,4,4,0,0,4,2,2,0.5,0.5,0.0,0.0,2,0.5,2,0.5,0,0.0,True,False,True,False,ambiguous,0.0
REGION_MARKUP,https://mastera-komforta.ru,no,4,4,0,0,4,2,2,0.5,0.5,0.0,0.0,0,0.0,2,0.5,2,0.5,True,False,True,False,ambiguous,0.0
REGION_MARKUP,https://matrasvam.ru,no,4,4,0,0,4,2,2,0.5,0.5,0.0,0.0,2,0.5,2,0.5,0,0.0,True,False,True,False,ambiguous,0.0
REGION_MARKUP,https://maxim-stroy.com,yes,4,4,0,0,4,2,2,0.5,0.5,0.0,0.0,2,0.5,2,0.5,0,0.0,True,False,True,False,ambiguous,0.0
REGION_MARKUP,https://mcchoco.ru,no,4,4,0,0,4,2,2,0.5,0.5,0.0,0.0,1,0.25,2,0.5,1,0.25,True,False,True,False,ambiguous,0.0
REGION_MARKUP,https://megaflowers.ru,yes,4,4,0,0,4,2,2,0.5,0.5,0.0,0.0,2,0.5,2,0.5,0,0.0,True,False,True,False,ambiguous,0.0
REGION_MARKUP,https://mexaroom.ru,no,4,4,0,0,4,2,2,0.5,0.5,0.0,0.0,2,0.5,2,0.5,0,0.0,True,False,True,False,ambiguous,0.0
REGION_MARKUP,https://mixxflo.ru,no,4,4,0,0,4,2,2,0.5,0.5,0.0,0.0,0,0.0,2,0.5,2,0.5,True,False,True,False,ambiguous,0.0
REGION_MARKUP,https://monumento.su,no,4,4,0,0,4,2,2,0.5,0.5,0.0,0.0,2,0.5,2,0.5,0,0.0,True,False,True,False,ambiguous,0.0
REGION_MARKUP,https://neodom.ru,no,4,4,0,0,4,2,2,0.5,0.5,0.0,0.0,2,0.5,2,0.5,0,0.0,True,False,True,False,ambiguous,0.0
REGION_MARKUP,https://nnz-ipc.ru,no,4,4,0,0,4,2,2,0.5,0.5,0.0,0.0,2,0.5,2,0.5,0,0.0,True,False,True,False,ambiguous,0.0
REGION_MARKUP,https://packy.ru,yes,4,4,0,0,4,2,2,0.5,0.5,0.0,0.0,2,0.5,2,0.5,0,0.0,True,False,True,False,ambiguous,0.0
REGION_MARKUP,https://papironi.ru,no,4,4,0,0,4,2,2,0.5,0.5,0.0,0.0,2,0.5,2,0.5,0,0.0,True,False,True,False,ambiguous,0.0
REGION_MARKUP,https://phoenixprof.ru,no,4,4,0,0,4,2,2,0.5,0.5,0.0,0.0,2,0.5,2,0.5,0,0.0,True,False,True,False,ambiguous,0.0
REGION_MARKUP,https://pmelectro.ru,not_working,4,4,0,0,4,2,2,0.5,0.5,0.0,0.0,2,0.5,0,0.0,2,0.5,True,False,True,False,ambiguous,0.0
REGION_MARKUP,https://pol-online-ekb.ru,no,4,4,0,0,4,2,2,0.5,0.5,0.0,0.0,2,0.5,2,0.5,0,0.0,True,False,True,False,ambiguous,0.0
REGION_MARKUP,https://pozers.ru,yes,4,4,0,0,4,2,2,0.5,0.5,0.0,0.0,2,0.5,2,0.5,0,0.0,True,False,True,False,ambiguous,0.0
REGION_MARKUP,https://preludiiya.ru,no,4,4,0,0,4,2,2,0.5,0.5,0.0,0.0,2,0.5,2,0.5,0,0.0,True,False,True,False,ambiguous,0.0
REGION_MARKUP,https://prof-stal42.ru,no,4,4,0,0,4,2,2,0.5,0.5,0.0,0.0,2,0.5,2,0.5,0,0.0,True,False,True,False,ambiguous,0.0
REGION_MARKUP,https://roberto-bravo.ru,yes,4,4,0,0,4,2,2,0.5,0.5,0.0,0.0,2,0.5,1,0.25,1,0.25,True,False,True,False,ambiguous,0.0
REGION_MARKUP,https://roscommerc.ru,no,4,4,0,0,4,2,2,0.5,0.5,0.0,0.0,2,0.5,2,0.5,0,0.0,True,False,True,False,ambiguous,0.0
REGION_MARKUP,https://rusgeotorg.ru,no,4,4,0,0,4,2,2,0.5,0.5,0.0,0.0,2,0.5,2,0.5,0,0.0,True,False,True,False,ambiguous,0.0
REGION_MARKUP,https://ruvinil-group.ru,no,4,4,0,0,4,2,2,0.5,0.5,0.0,0.0,2,0.5,2,0.5,0,0.0,True,False,True,False,ambiguous,0.0
REGION_MARKUP,https://sant14.ru,no,4,4,0,0,4,2,2,0.5,0.5,0.0,0.0,2,0.5,2,0.5,0,0.0,True,False,True,False,ambiguous,0.0
REGION_MARKUP,https://shinplaneta.ru,no,4,4,0,0,4,2,2,0.5,0.5,0.0,0.0,0,0.0,2,0.5,2,0.5,True,False,True,False,ambiguous,0.0
REGION_MARKUP,https://sibdroid.ru,no,4,4,0,0,4,2,2,0.5,0.5,0.0,0.0,2,0.5,2,0.5,0,0.0,True,False,True,False,ambiguous,0.0
REGION_MARKUP,https://souzplastic.ru,no,4,4,0,0,4,2,2,0.5,0.5,0.0,0.0,2,0.5,2,0.5,0,0.0,True,False,True,False,ambiguous,0.0
REGION_MARKUP,https://specregion.ru,yes,4,4,0,0,4,2,2,0.5,0.5,0.0,0.0,2,0.5,2,0.5,0,0.0,True,False,True,False,ambiguous,0.0
REGION_MARKUP,https://stahlwilletool.ru,no,4,4,0,0,4,2,2,0.5,0.5,0.0,0.0,2,0.5,2,0.5,0,0.0,True,False,True,False,ambiguous,0.0
REGION_MARKUP,https://stalex.su,no,4,4,0,0,4,2,2,0.5,0.5,0.0,0.0,2,0.5,2,0.5,0,0.0,True,False,True,False,ambiguous,0.0
REGION_MARKUP,https://starter-63.ru,no,4,4,0,0,4,2,2,0.5,0.5,0.0,0.0,2,0.5,2,0.5,0,0.0,True,False,True,False,ambiguous,0.0
REGION_MARKUP,https://stomatrasov.ru,no,4,4,0,0,4,2,2,0.5,0.5,0.0,0.0,2,0.5,2,0.5,0,0.0,True,False,True,False,ambiguous,0.0
REGION_MARKUP,https://strana-matrasov.ru,no,4,4,0,0,4,2,2,0.5,0.5,0.0,0.0,2,0.5,2,0.5,0,0.0,True,False,True,False,ambiguous,0.0
REGION_MARKUP,https://stv39.ru,yes,4,4,0,0,4,2,2,0.5,0.5,0.0,0.0,2,0.5,2,0.5,0,0.0,True,False,True,False,ambiguous,0.0
REGION_MARKUP,https://style-cityy.ru,no,4,4,0,0,4,2,2,0.5,0.5,0.0,0.0,2,0.5,2,0.5,0,0.0,True,False,True,False,ambiguous,0.0
REGION_MARKUP,https://sv-company.ru,yes,4,4,0,0,4,2,2,0.5,0.5,0.0,0.0,2,0.5,2,0.5,0,0.0,True,False,True,False,ambiguous,0.0
REGION_MARKUP,https://svaropt.ru,yes,4,4,0,0,4,2,2,0.5,0.5,0.0,0.0,2,0.5,1,0.25,1,0.25,True,False,True,False,ambiguous,0.0
REGION_MARKUP,https://td-fb.ru,no,4,4,0,0,4,2,2,0.5,0.5,0.0,0.0,2,0.5,2,0.5,0,0.0,True,False,True,False,ambiguous,0.0
REGION_MARKUP,https://tehnozona.spb.ru,yes,4,4,0,0,4,2,2,0.5,0.5,0.0,0.0,2,0.5,2,0.5,0,0.0,True,False,True,False,ambiguous,0.0
REGION_MARKUP,https://tema.shop,no,4,4,0,0,4,2,2,0.5,0.5,0.0,0.0,0,0.0,2,0.5,2,0.5,True,False,True,False,ambiguous,0.0
REGION_MARKUP,https://teplohome.ru,yes,4,4,0,0,4,2,2,0.5,0.5,0.0,0.0,2,0.5,2,0.5,0,0.0,True,False,True,False,ambiguous,0.0
REGION_MARKUP,https://teplostyle.ru,no,4,4,0,0,4,2,2,0.5,0.5,0.0,0.0,2,0.5,2,0.5,0,0.0,True,False,True,False,ambiguous,0.0
REGION_MARKUP,https://teplotrass.ru,no,4,4,0,0,4,2,2,0.5,0.5,0.0,0.0,2,0.5,2,0.5,0,0.0,True,False,True,False,ambiguous,0.0
REGION_MARKUP,https://tochkapc.ru,no,4,4,0,0,4,2,2,0.5,0.5,0.0,0.0,2,0.5,2,0.5,0,0.0,True,False,True,False,ambiguous,0.0
REGION_MARKUP,https://torgdon.ru,no,4,4,0,0,4,2,2,0.5,0.5,0.0,0.0,2,0.5,2,0.5,0,0.0,True,False,True,False,ambiguous,0.0
REGION_MARKUP,https://twohp.ru,no,4,4,0,0,4,2,2,0.5,0.5,0.0,0.0,0,0.0,2,0.5,2,0.5,True,False,True,False,ambiguous,0.0
REGION_MARKUP,https://tyrepharm.ru,yes,4,4,0,0,4,2,2,0.5,0.5,0.0,0.0,2,0.5,2,0.5,0,0.0,True,False,True,False,ambiguous,0.0
REGION_MARKUP,https://vasttrade.ru,no,4,4,0,0,4,2,2,0.5,0.5,0.0,0.0,2,0.5,2,0.5,0,0.0,True,False,True,False,ambiguous,0.0
REGION_MARKUP,https://vertical.ru,no,4,4,0,0,4,2,2,0.5,0.5,0.0,0.0,2,0.5,2,0.5,0,0.0,True,False,True,False,ambiguous,0.0
REGION_MARKUP,https://vincarr.ru,no,4,4,0,0,4,2,2,0.5,0.5,0.0,0.0,1,0.25,2,0.5,1,0.25,True,False,True,False,ambiguous,0.0
REGION_MARKUP,https://vipgalant.ru,no,4,4,0,0,4,2,2,0.5,0.5,0.0,0.0,1,0.25,2,0.5,1,0.25,True,False,True,False,ambiguous,0.0
REGION_MARKUP,https://vsanuzel.ru,yes,4,4,0,0,4,2,2,0.5,0.5,0.0,0.0,2,0.5,1,0.25,1,0.25,True,False,True,False,ambiguous,0.0
REGION_MARKUP,https://zstandart.ru,yes,4,4,0,0,4,2,2,0.5,0.5,0.0,0.0,2,0.5,2,0.5,0,0.0,True,False,True,False,ambiguous,0.0
REGION_MARKUP,https://бассейн-маркет-24.рф,no,4,4,0,0,4,2,2,0.5,0.5,0.0,0.0,0,0.0,2,0.5,2,0.5,True,False,True,False,ambiguous,0.0
REGION_MARKUP,https://все-вам.рф,no,4,4,0,0,4,2,2,0.5,0.5,0.0,0.0,2,0.5,2,0.5,0,0.0,True,False,True,False,ambiguous,0.0
REGION_MARKUP,https://дымоход22.рф,no,4,4,0,0,4,2,2,0.5,0.5,0.0,0.0,2,0.5,2,0.5,0,0.0,True,False,True,False,ambiguous,0.0
REGION_MARKUP,https://зеркалоспб.рф,yes,4,4,0,0,4,2,2,0.5,0.5,0.0,0.0,2,0.5,2,0.5,0,0.0,True,False,True,False,ambiguous,0.0
REGION_MARKUP,https://котельныйсервис.рф,yes,4,4,0,0,4,2,2,0.5,0.5,0.0,0.0,2,0.5,2,0.5,0,0.0,True,False,True,False,ambiguous,0.0
REGION_MARKUP,https://краскровля.рф,no,4,4,0,0,4,2,2,0.5,0.5,0.0,0.0,2,0.5,2,0.5,0,0.0,True,False,True,False,ambiguous,0.0
REGION_MARKUP,https://кровельныйцентр.рф,no,4,4,0,0,4,2,2,0.5,0.5,0.0,0.0,2,0.5,2,0.5,0,0.0,True,False,True,False,ambiguous,0.0
REGION_MARKUP,https://просон.рф,no,4,4,0,0,4,2,2,0.5,0.5,0.0,0.0,2,0.5,2,0.5,0,0.0,True,False,True,False,ambiguous,0.0
REGION_MARKUP,https://тм-перспектива.рф,no,4,4,0,0,4,2,2,0.5,0.5,0.0,0.0,2,0.5,2,0.5,0,0.0,True,False,True,False,ambiguous,0.0
REGION_MARKUP,https://шанс-киров.рф,no,4,4,0,0,4,2,2,0.5,0.5,0.0,0.0,2,0.5,2,0.5,0,0.0,True,False,True,False,ambiguous,0.0
REGION_MARKUP,https://ювамебель.рф,no,4,4,0,0,4,2,2,0.5,0.5,0.0,0.0,2,0.5,2,0.5,0,0.0,True,False,True,False,ambiguous,0.0
